sample,bam,sample_label,organism,condition,flowcell,lane
108625_CGCTTCTTGTAGATAA,108625_CGCTTCTTGTAGATAA_CE5B6ANXX_1_20200221B_20200221.bam,221-2,mouse,EF,CE5B6ANXX,1
108624_GGTGCCGACCAACGTC,108624_GGTGCCGACCAACGTC_CE5B6ANXX_1_20200221B_20200221.bam,221-1,mouse,EF,CE5B6ANXX,1
108623_TTCATAAGGCCAATGT,108623_TTCATAAGGCCAATGT_CE5B6ANXX_1_20200221B_20200221.bam,221-Combi-uns-2-2,mouse,hr,CE5B6ANXX,1
108622_GGATATTCGACGCCAT,108622_GGATATTCGACGCCAT_CE5B6ANXX_1_20200221B_20200221.bam,221-Combi-uns-2-1,mouse,hr,CE5B6ANXX,1
108621_GAGCATTCGTCTAACA,108621_GAGCATTCGTCTAACA_CE5B6ANXX_1_20200221B_20200221.bam,221-Combi-uns-1-2,mouse,hr,CE5B6ANXX,1
108620_CTGACTCACCGAACTT,108620_CTGACTCACCGAACTT_CE5B6ANXX_1_20200221B_20200221.bam,221-Combi-uns-1-1,mouse,hr,CE5B6ANXX,1
108619_ATTGATTCTCTGTGAT,108619_ATTGATTCTCTGTGAT_CE5B6ANXX_1_20200221B_20200221.bam,221-Combi-T2,mouse,ha,CE5B6ANXX,1
108618_TGTACGCATTCTCATA,108618_TGTACGCATTCTCATA_CE5B6ANXX_1_20200221B_20200221.bam,221-Combi-T1,mouse,ha,CE5B6ANXX,1
202_unmapped,BSF_0108_C4W0JACXX/BSF_0108_C4W0JACXX_3_202_unmapped.bam,202,mouse,MSC,C4W0JACXX,3
219_unmapped,BSF_0108_C4W0JACXX/BSF_0108_C4W0JACXX_3_219_unmapped.bam,219,mouse,EFPrx1MSCLC,C4W0JACXX,3
221_unmapped,BSF_0108_C4W0JACXX/BSF_0108_C4W0JACXX_3_221_unmapped.bam,221,mouse,EFPrx1MSCLC,C4W0JACXX,3
225_unmapped,BSF_0108_C4W0JACXX/BSF_0108_C4W0JACXX_3_225_unmapped.bam,225,mouse,EFPrx1MSCLC,C4W0JACXX,3
229_unmapped,BSF_0108_C4W0JACXX/BSF_0108_C4W0JACXX_3_229_unmapped.bam,229,mouse,EFPrx1MSCLC,C4W0JACXX,3
234_WT_unmapped,BSF_0108_C4W0JACXX/BSF_0108_C4W0JACXX_3_234_WT_unmapped.bam,234_WT,mouse,MSC,C4W0JACXX,3
237_WT_unmapped,BSF_0108_C4W0JACXX/BSF_0108_C4W0JACXX_3_237_WT_unmapped.bam,237_WT,mouse,MSC,C4W0JACXX,3
